{
  "user": "john_doe",
  "corid": 123,
  "corridor": {
    "type": "FeatureCollection",
    "features": [
      {
        "type": "Feature",
        "id": "069EFA1BCE374C0F57D9",
        "geometry": {
          "type": "Polygon",
          "coordinates": [
            [
              [
                74.89253822661003,
                32.80117190557023,
                0
              ],
              [
                74.89451198934148,
                32.8011516006451,
                0
              ],
              [
                74.8945417085866,
                32.80180308096774,
                0
              ],
              [
                74.8925790339457,
                32.80182950179902,
                0
              ],
              [
                74.89253822661003,
                32.80117190557023,
                0
              ]
            ]
          ]
        },
        "properties": {
          "name": "goal"
        }
      }
    ]
  }
}
